,datetime,transaction_time
0,1230969600.0,0.0
1,1231142400.0,0.0
2,1231315200.0,0.0
3,1231488000.0,0.0
4,1231660800.0,0.0
5,1231833600.0,0.0
6,1232006400.0,0.0
7,1232179200.0,0.0
8,1232352000.0,0.0
9,1232524800.0,0.0
10,1232697600.0,0.0
11,1232870400.0,0.0
12,1233043200.0,0.0
13,1233216000.0,0.0
14,1233388800.0,0.0
15,1233561600.0,0.0
16,1233734400.0,0.0
17,1233907200.0,0.0
18,1234080000.0,0.0
19,1234252800.0,0.0
20,1234425600.0,0.0
21,1234598400.0,0.0
22,1234771200.0,0.0
23,1234944000.0,0.0
24,1235116800.0,0.0
25,1235289600.0,0.0
26,1235462400.0,0.0
27,1235635200.0,0.0
28,1235808000.0,0.0
29,1235980800.0,0.0
30,1236153600.0,0.0
31,1236326400.0,0.0
32,1236499200.0,0.0
33,1236668400.0,0.0
34,1236841200.0,0.0
35,1237014000.0,0.0
36,1237186800.0,0.0
37,1237359600.0,0.0
38,1237532400.0,0.0
39,1237705200.0,0.0
40,1237878000.0,0.0
41,1238050800.0,0.0
42,1238223600.0,0.0
43,1238396400.0,0.0
44,1238569200.0,0.0
45,1238742000.0,0.0
46,1238914800.0,0.0
47,1239087600.0,0.0
48,1239260400.0,0.0
49,1239433200.0,0.0
50,1239606000.0,0.0
51,1239778800.0,0.0
52,1239951600.0,0.0
53,1240124400.0,0.0
54,1240297200.0,0.0
55,1240470000.0,0.0
56,1240642800.0,0.0
57,1240815600.0,0.0
58,1240988400.0,0.0
59,1241161200.0,0.0
60,1241334000.0,0.0
61,1241506800.0,0.0
62,1241679600.0,0.0
63,1241852400.0,0.0
64,1242025200.0,0.0
65,1242198000.0,0.0
66,1242370800.0,0.0
67,1242543600.0,0.0
68,1242716400.0,0.0
69,1242889200.0,0.0
70,1243062000.0,0.0
71,1243234800.0,0.0
72,1243407600.0,0.0
73,1243580400.0,0.0
74,1243753200.0,0.0
75,1243926000.0,0.0
76,1244098800.0,0.0
77,1244271600.0,0.0
78,1244444400.0,0.0
79,1244617200.0,0.0
80,1244790000.0,0.0
81,1244962800.0,0.0
82,1245135600.0,0.0
83,1245308400.0,0.0
84,1245481200.0,0.0
85,1245654000.0,0.0
86,1245826800.0,0.0
87,1245999600.0,0.0
88,1246172400.0,0.0
89,1246345200.0,0.0
90,1246518000.0,0.0
91,1246690800.0,0.0
92,1246863600.0,0.0
93,1247036400.0,0.0
94,1247209200.0,0.0
95,1247382000.0,0.0
96,1247554800.0,0.0
97,1247727600.0,0.0
98,1247900400.0,0.0
99,1248073200.0,0.0
100,1248246000.0,0.0
101,1248418800.0,0.0
102,1248591600.0,0.0
103,1248764400.0,0.0
104,1248937200.0,0.0
105,1249110000.0,0.0
106,1249282800.0,0.0
107,1249455600.0,0.0
108,1249628400.0,0.0
109,1249801200.0,0.0
110,1249974000.0,0.0
111,1250146800.0,0.0
112,1250319600.0,0.0
113,1250492400.0,0.0
114,1250665200.0,0.0
115,1250838000.0,0.0
116,1251010800.0,0.0
117,1251183600.0,0.0
118,1251356400.0,0.0
119,1251529200.0,0.0
120,1251702000.0,0.0
121,1251874800.0,0.0
122,1252047600.0,0.0
123,1252220400.0,0.0
124,1252393200.0,0.0
125,1252566000.0,0.0
126,1252738800.0,0.0
127,1252911600.0,0.0
128,1253084400.0,0.0
129,1253257200.0,0.0
130,1253430000.0,0.0
131,1253602800.0,0.0
132,1253775600.0,0.0
133,1253948400.0,0.0
134,1254121200.0,0.0
135,1254294000.0,0.0
136,1254466800.0,0.0
137,1254639600.0,0.0
138,1254812400.0,0.0
139,1254985200.0,0.0
140,1255158000.0,0.0
141,1255330800.0,0.0
142,1255503600.0,0.0
143,1255676400.0,0.0
144,1255849200.0,0.0
145,1256022000.0,0.0
146,1256194800.0,0.0
147,1256367600.0,0.0
148,1256540400.0,0.0
149,1256713200.0,0.0
150,1256886000.0,0.0
151,1257058800.0,0.0
152,1257235200.0,0.0
153,1257408000.0,0.0
154,1257580800.0,0.0
155,1257753600.0,0.0
156,1257926400.0,0.0
157,1258099200.0,0.0
158,1258272000.0,0.0
159,1258444800.0,0.0
160,1258617600.0,0.0
161,1258790400.0,0.0
162,1258963200.0,0.0
163,1259136000.0,0.0
164,1259308800.0,0.0
165,1259481600.0,0.0
166,1259654400.0,0.0
167,1259827200.0,0.0
168,1260000000.0,0.0
169,1260172800.0,0.0
170,1260345600.0,0.0
171,1260518400.0,0.0
172,1260691200.0,0.0
173,1260864000.0,0.0
174,1261036800.0,0.0
175,1261209600.0,0.0
176,1261382400.0,0.0
177,1261555200.0,0.0
178,1261728000.0,0.0
179,1261900800.0,0.0
180,1262073600.0,0.0
181,1262246400.0,0.0
182,1262419200.0,0.0
183,1262592000.0,0.0
184,1262764800.0,0.0
185,1262937600.0,0.0
186,1263110400.0,0.0
187,1263283200.0,0.0
188,1263456000.0,0.0
189,1263628800.0,0.0
190,1263801600.0,0.0
191,1263974400.0,0.0
192,1264147200.0,0.0
193,1264320000.0,0.0
194,1264492800.0,0.0
195,1264665600.0,0.0
196,1264838400.0,0.0
197,1265011200.0,0.0
198,1265184000.0,0.0
199,1265356800.0,0.0
200,1265529600.0,0.0
201,1265702400.0,0.0
202,1265875200.0,0.0
203,1266048000.0,0.0
204,1266220800.0,0.0
205,1266393600.0,0.0
206,1266566400.0,0.0
207,1266739200.0,0.0
208,1266912000.0,0.0
209,1267084800.0,0.0
210,1267257600.0,0.0
211,1267430400.0,0.0
212,1267603200.0,0.0
213,1267776000.0,0.0
214,1267948800.0,0.0
215,1268121600.0,0.0
216,1268294400.0,0.0
217,1268467200.0,0.0
218,1268636400.0,0.0
219,1268809200.0,0.0
220,1268982000.0,0.0
221,1269154800.0,0.0
222,1269327600.0,0.0
223,1269500400.0,0.0
224,1269673200.0,0.0
225,1269846000.0,0.0
226,1270018800.0,0.0
227,1270191600.0,0.0
228,1270364400.0,0.0
229,1270537200.0,0.0
230,1270710000.0,0.0
231,1270882800.0,0.0
232,1271055600.0,0.0
233,1271228400.0,0.0
234,1271401200.0,0.0
235,1271574000.0,0.0
236,1271746800.0,0.0
237,1271919600.0,0.0
238,1272092400.0,0.0
239,1272265200.0,0.0
240,1272438000.0,0.0
241,1272610800.0,0.0
242,1272783600.0,0.0
243,1272956400.0,0.0
244,1273129200.0,0.0
245,1273302000.0,0.0
246,1273474800.0,0.0
247,1273647600.0,0.0
248,1273820400.0,0.0
249,1273993200.0,0.0
250,1274166000.0,0.0
251,1274338800.0,0.0
252,1274511600.0,0.0
253,1274684400.0,0.0
254,1274857200.0,0.0
255,1275030000.0,0.0
256,1275202800.0,0.0
257,1275375600.0,0.0
258,1275548400.0,0.0
259,1275721200.0,0.0
260,1275894000.0,0.0
261,1276066800.0,0.0
262,1276239600.0,0.0
263,1276412400.0,0.0
264,1276585200.0,0.0
265,1276758000.0,0.0
266,1276930800.0,0.0
267,1277103600.0,0.0
268,1277276400.0,0.0
269,1277449200.0,0.0
270,1277622000.0,0.0
271,1277794800.0,0.0
272,1277967600.0,0.0
273,1278140400.0,0.0
274,1278313200.0,0.0
275,1278486000.0,0.0
276,1278658800.0,0.0
277,1278831600.0,0.0
278,1279004400.0,0.0
279,1279177200.0,0.0
280,1279350000.0,0.0
281,1279522800.0,0.0
282,1279695600.0,0.0
283,1279868400.0,0.0
284,1280041200.0,0.0
285,1280214000.0,0.0
286,1280386800.0,0.0
287,1280559600.0,0.0
288,1280732400.0,0.0
289,1280905200.0,0.0
290,1281078000.0,0.0
291,1281250800.0,0.0
292,1281423600.0,0.0
293,1281596400.0,0.0
294,1281769200.0,0.0
295,1281942000.0,0.0
296,1282114800.0,0.0
297,1282287600.0,0.0
298,1282460400.0,0.0
299,1282633200.0,0.0
300,1282806000.0,0.0
301,1282978800.0,0.0
302,1283151600.0,0.0
303,1283324400.0,0.0
304,1283497200.0,0.0
305,1283670000.0,0.0
306,1283842800.0,0.0
307,1284015600.0,0.0
308,1284188400.0,0.0
309,1284361200.0,0.0
310,1284534000.0,0.0
311,1284706800.0,0.0
312,1284879600.0,0.0
313,1285052400.0,0.0
314,1285225200.0,0.0
315,1285398000.0,0.0
316,1285570800.0,0.0
317,1285743600.0,0.0
318,1285916400.0,0.0
319,1286089200.0,0.0
320,1286262000.0,0.0
321,1286434800.0,0.0
322,1286607600.0,0.0
323,1286780400.0,0.0
324,1286953200.0,0.0
325,1287126000.0,0.0
326,1287298800.0,0.0
327,1287471600.0,0.0
328,1287644400.0,0.0
329,1287817200.0,0.0
330,1287990000.0,0.0
331,1288162800.0,0.0
332,1288335600.0,0.0
333,1288508400.0,0.0
334,1288681200.0,0.0
335,1288854000.0,0.0
336,1289026800.0,0.0
337,1289203200.0,0.0
338,1289376000.0,0.0
339,1289548800.0,0.0
340,1289721600.0,0.0
341,1289894400.0,0.0
342,1290067200.0,0.0
343,1290240000.0,0.0
344,1290412800.0,0.0
345,1290585600.0,0.0
346,1290758400.0,0.0
347,1290931200.0,0.0
348,1291104000.0,0.0
349,1291276800.0,0.0
350,1291449600.0,0.0
351,1291622400.0,0.0
352,1291795200.0,0.0
353,1291968000.0,0.0
354,1292140800.0,0.0
355,1292313600.0,0.0
356,1292486400.0,0.0
357,1292659200.0,0.0
358,1292832000.0,0.0
359,1293004800.0,0.0
360,1293177600.0,0.0
361,1293350400.0,0.0
362,1293523200.0,0.0
363,1293696000.0,0.0
364,1293868800.0,0.0
365,1294041600.0,0.0
366,1294214400.0,0.0
367,1294387200.0,0.0
368,1294560000.0,0.0
369,1294732800.0,0.0
370,1294905600.0,0.0
371,1295078400.0,0.0
372,1295251200.0,0.0
373,1295424000.0,0.0
374,1295596800.0,0.0
375,1295769600.0,0.0
376,1295942400.0,0.0
377,1296115200.0,0.0
378,1296288000.0,0.0
379,1296460800.0,0.0
380,1296633600.0,0.0
381,1296806400.0,0.0
382,1296979200.0,0.0
383,1297152000.0,0.0
384,1297324800.0,0.0
385,1297497600.0,0.0
386,1297670400.0,0.0
387,1297843200.0,0.0
388,1298016000.0,0.0
389,1298188800.0,0.0
390,1298361600.0,0.0
391,1298534400.0,0.0
392,1298707200.0,0.0
393,1298880000.0,0.0
394,1299052800.0,0.0
395,1299225600.0,0.0
396,1299398400.0,0.0
397,1299571200.0,0.0
398,1299744000.0,0.0
399,1299916800.0,0.0
400,1300086000.0,0.0
401,1300258800.0,0.0
402,1300431600.0,0.0
403,1300604400.0,0.0
404,1300777200.0,0.0
405,1300950000.0,0.0
406,1301122800.0,0.0
407,1301295600.0,0.0
408,1301468400.0,0.0
409,1301641200.0,0.0
410,1301814000.0,0.0
411,1301986800.0,0.0
412,1302159600.0,0.0
413,1302332400.0,0.0
414,1302505200.0,0.0
415,1302678000.0,0.0
416,1302850800.0,0.0
417,1303023600.0,0.0
418,1303196400.0,0.0
419,1303369200.0,0.0
420,1303542000.0,0.0
421,1303714800.0,0.0
422,1303887600.0,0.0
423,1304060400.0,0.0
424,1304233200.0,0.0
425,1304406000.0,0.0
426,1304578800.0,0.0
427,1304751600.0,0.0
428,1304924400.0,0.0
429,1305097200.0,0.0
430,1305270000.0,0.0
431,1305442800.0,0.0
432,1305615600.0,0.0
433,1305788400.0,0.0
434,1305961200.0,0.0
435,1306134000.0,0.0
436,1306306800.0,0.0
437,1306479600.0,0.0
438,1306652400.0,0.0
439,1306825200.0,0.0
440,1306998000.0,0.0
441,1307170800.0,0.0
442,1307343600.0,0.0
443,1307516400.0,0.0
444,1307689200.0,0.0
445,1307862000.0,0.0
446,1308034800.0,0.0
447,1308207600.0,0.0
448,1308380400.0,0.0
449,1308553200.0,0.0
450,1308726000.0,0.0
451,1308898800.0,0.0
452,1309071600.0,0.0
453,1309244400.0,0.0
454,1309417200.0,0.0
455,1309590000.0,0.0
456,1309762800.0,0.0
457,1309935600.0,0.0
458,1310108400.0,0.0
459,1310281200.0,0.0
460,1310454000.0,0.0
461,1310626800.0,0.0
462,1310799600.0,0.0
463,1310972400.0,0.0
464,1311145200.0,0.0
465,1311318000.0,0.0
466,1311490800.0,0.0
467,1311663600.0,0.0
468,1311836400.0,0.0
469,1312009200.0,0.0
470,1312182000.0,0.0
471,1312354800.0,0.0
472,1312527600.0,0.0
473,1312700400.0,0.0
474,1312873200.0,0.0
475,1313046000.0,0.0
476,1313218800.0,0.0
477,1313391600.0,0.0
478,1313564400.0,0.0
479,1313737200.0,0.0
480,1313910000.0,0.0
481,1314082800.0,0.0
482,1314255600.0,0.0
483,1314428400.0,0.0
484,1314601200.0,0.0
485,1314774000.0,0.0
486,1314946800.0,0.0
487,1315119600.0,0.0
488,1315292400.0,0.0
489,1315465200.0,0.0
490,1315638000.0,0.0
491,1315810800.0,0.0
492,1315983600.0,0.0
493,1316156400.0,0.0
494,1316329200.0,0.0
495,1316502000.0,0.0
496,1316674800.0,0.0
497,1316847600.0,0.0
498,1317020400.0,0.0
499,1317193200.0,0.0
500,1317366000.0,0.0
501,1317538800.0,0.0
502,1317711600.0,0.0
503,1317884400.0,0.0
504,1318057200.0,0.0
505,1318230000.0,0.0
506,1318402800.0,0.0
507,1318575600.0,0.0
508,1318748400.0,0.0
509,1318921200.0,0.0
510,1319094000.0,0.0
511,1319266800.0,0.0
512,1319439600.0,0.0
513,1319612400.0,0.0
514,1319785200.0,0.0
515,1319958000.0,0.0
516,1320130800.0,0.0
517,1320303600.0,0.0
518,1320476400.0,0.0
519,1320652800.0,0.0
520,1320825600.0,0.0
521,1320998400.0,0.0
522,1321171200.0,0.0
523,1321344000.0,0.0
524,1321516800.0,0.0
525,1321689600.0,0.0
526,1321862400.0,0.0
527,1322035200.0,0.0
528,1322208000.0,0.0
529,1322380800.0,0.0
530,1322553600.0,0.0
531,1322726400.0,0.0
532,1322899200.0,12.783333333333333
533,1323072000.0,13.366666666666667
534,1323244800.0,14.0
535,1323417600.0,10.266666666666667
536,1323590400.0,13.25
537,1323763200.0,15.616666666666667
538,1323936000.0,15.933333333333335
539,1324108800.0,13.183333333333335
540,1324281600.0,16.033333333333335
541,1324454400.0,12.925
542,1324627200.0,13.233333333333333
543,1324800000.0,13.033333333333333
544,1324972800.0,13.833333333333336
545,1325145600.0,14.966666666666667
546,1325318400.0,12.133333333333333
547,1325491200.0,15.566666666666665
548,1325664000.0,13.616666666666667
549,1325836800.0,10.133333333333333
550,1326009600.0,14.016666666666667
551,1326182400.0,13.716666666666667
552,1326355200.0,13.333333333333336
553,1326528000.0,12.233333333333333
554,1326700800.0,13.05
555,1326873600.0,12.783333333333333
556,1327046400.0,12.866666666666667
557,1327219200.0,15.4
558,1327392000.0,12.85
559,1327564800.0,15.233333333333333
560,1327737600.0,10.883333333333333
561,1327910400.0,12.0
562,1328083200.0,17.033333333333335
563,1328256000.0,12.65
564,1328428800.0,16.483333333333334
565,1328601600.0,13.866666666666667
566,1328774400.0,13.216666666666667
567,1328947200.0,12.6
568,1329120000.0,10.833333333333336
569,1329292800.0,12.15
570,1329465600.0,13.316666666666665
571,1329638400.0,12.383333333333333
572,1329811200.0,16.15
573,1329984000.0,12.4
574,1330156800.0,8.983333333333333
575,1330329600.0,9.266666666666667
576,1330502400.0,7.283333333333332
577,1330675200.0,11.95
578,1330848000.0,8.183333333333334
579,1331020800.0,8.9
580,1331193600.0,8.966666666666667
581,1331366400.0,10.541666666666666
582,1331535600.0,7.883333333333334
583,1331708400.0,10.55
584,1331881200.0,9.0
585,1332054000.0,8.383333333333333
586,1332226800.0,9.158333333333333
587,1332399600.0,9.075
588,1332572400.0,7.908333333333332
589,1332745200.0,8.666666666666666
590,1332918000.0,9.55
591,1333090800.0,8.3
592,1333263600.0,8.741666666666667
593,1333436400.0,10.033333333333333
594,1333609200.0,10.275
595,1333782000.0,9.75
596,1333954800.0,8.666666666666666
597,1334127600.0,8.5
598,1334300400.0,11.533333333333333
599,1334473200.0,11.325
600,1334646000.0,9.216666666666667
601,1334818800.0,8.566666666666666
602,1334991600.0,10.7
603,1335164400.0,9.216666666666667
604,1335337200.0,9.883333333333333
605,1335510000.0,10.4
606,1335682800.0,8.35
607,1335855600.0,11.633333333333333
608,1336028400.0,8.916666666666666
609,1336201200.0,9.583333333333334
610,1336374000.0,9.55
611,1336546800.0,9.5
612,1336719600.0,15.183333333333335
613,1336892400.0,9.833333333333334
614,1337065200.0,12.216666666666667
615,1337238000.0,12.033333333333333
616,1337410800.0,11.283333333333333
617,1337583600.0,11.316666666666665
618,1337756400.0,16.5
619,1337929200.0,14.683333333333335
620,1338102000.0,9.45
621,1338274800.0,12.416666666666664
622,1338447600.0,10.716666666666667
623,1338620400.0,10.933333333333335
624,1338793200.0,14.775
625,1338966000.0,8.466666666666667
626,1339138800.0,14.816666666666665
627,1339311600.0,10.816666666666665
628,1339484400.0,12.3
629,1339657200.0,47.73333333333333
630,1339830000.0,23.78333333333333
631,1340002800.0,14.683333333333335
632,1340175600.0,21.291666666666668
633,1340348400.0,15.366666666666667
634,1340521200.0,13.716666666666667
635,1340694000.0,17.483333333333334
636,1340866800.0,14.166666666666664
637,1341039600.0,14.083333333333336
638,1341212400.0,10.516666666666667
639,1341385200.0,13.333333333333336
640,1341558000.0,11.65
641,1341730800.0,11.15
642,1341903600.0,18.166666666666668
643,1342076400.0,15.7
644,1342249200.0,17.266666666666666
645,1342422000.0,12.883333333333333
646,1342594800.0,14.7
647,1342767600.0,16.683333333333334
648,1342940400.0,11.883333333333333
649,1343113200.0,13.283333333333333
650,1343286000.0,13.066666666666665
651,1343458800.0,11.6
652,1343631600.0,12.466666666666667
653,1343804400.0,16.283333333333335
654,1343977200.0,10.216666666666667
655,1344150000.0,13.116666666666667
656,1344322800.0,12.633333333333333
657,1344495600.0,11.933333333333335
658,1344668400.0,13.166666666666664
659,1344841200.0,14.6
660,1345014000.0,16.066666666666666
661,1345186800.0,13.266666666666667
662,1345359600.0,13.233333333333333
663,1345532400.0,10.183333333333334
664,1345705200.0,9.633333333333333
665,1345878000.0,16.9
666,1346050800.0,11.183333333333335
667,1346223600.0,10.0
668,1346396400.0,12.2
669,1346569200.0,8.6
670,1346742000.0,15.616666666666667
671,1346914800.0,8.466666666666667
672,1347087600.0,13.4
673,1347260400.0,16.55
674,1347433200.0,14.4
675,1347606000.0,10.366666666666667
676,1347778800.0,11.883333333333333
677,1347951600.0,11.283333333333333
678,1348124400.0,14.7
679,1348297200.0,11.766666666666667
680,1348470000.0,13.058333333333335
681,1348642800.0,12.933333333333335
682,1348815600.0,11.216666666666667
683,1348988400.0,13.95
684,1349161200.0,12.316666666666665
685,1349334000.0,13.891666666666667
686,1349506800.0,12.483333333333333
687,1349679600.0,11.616666666666667
688,1349852400.0,11.933333333333335
689,1350025200.0,10.3
690,1350198000.0,13.183333333333335
691,1350370800.0,10.783333333333333
692,1350543600.0,10.95
693,1350716400.0,11.383333333333333
694,1350889200.0,10.666666666666666
695,1351062000.0,11.683333333333335
696,1351234800.0,9.508333333333333
697,1351407600.0,9.183333333333334
698,1351580400.0,11.525
699,1351753200.0,13.883333333333333
700,1351926000.0,14.5
701,1352102400.0,11.783333333333333
702,1352275200.0,11.05
703,1352448000.0,12.8
704,1352620800.0,15.833333333333336
705,1352793600.0,11.716666666666667
706,1352966400.0,14.1
707,1353139200.0,14.016666666666667
708,1353312000.0,14.566666666666665
709,1353484800.0,11.716666666666667
710,1353657600.0,15.6
711,1353830400.0,13.216666666666667
712,1354003200.0,9.9
713,1354176000.0,11.216666666666667
714,1354348800.0,11.583333333333336
715,1354521600.0,9.733333333333333
716,1354694400.0,16.583333333333332
717,1354867200.0,12.6
718,1355040000.0,13.083333333333336
719,1355212800.0,12.533333333333333
720,1355385600.0,11.416666666666664
721,1355558400.0,13.55
722,1355731200.0,14.316666666666665
723,1355904000.0,9.983333333333333
724,1356076800.0,11.891666666666667
725,1356249600.0,10.283333333333333
726,1356422400.0,10.716666666666667
727,1356595200.0,10.05
728,1356768000.0,12.9
729,1356940800.0,8.283333333333333
730,1357113600.0,9.3
731,1357286400.0,10.683333333333334
732,1357459200.0,11.083333333333336
733,1357632000.0,9.666666666666666
734,1357804800.0,8.966666666666667
735,1357977600.0,11.283333333333333
736,1358150400.0,11.316666666666665
737,1358323200.0,11.508333333333333
738,1358496000.0,13.2
739,1358668800.0,8.983333333333333
740,1358841600.0,11.483333333333333
741,1359014400.0,10.033333333333333
742,1359187200.0,9.466666666666667
743,1359360000.0,8.75
744,1359532800.0,9.266666666666667
745,1359705600.0,9.766666666666667
746,1359878400.0,9.1
747,1360051200.0,9.266666666666667
748,1360224000.0,9.766666666666667
749,1360396800.0,11.483333333333333
750,1360569600.0,8.966666666666667
751,1360742400.0,9.566666666666666
752,1360915200.0,7.966666666666668
753,1361088000.0,7.55
754,1361260800.0,7.8
755,1361433600.0,7.4
756,1361606400.0,8.016666666666667
757,1361779200.0,6.183333333333334
758,1361952000.0,6.2333333333333325
759,1362124800.0,9.183333333333334
760,1362297600.0,7.866666666666666
761,1362470400.0,8.616666666666667
762,1362643200.0,9.333333333333334
763,1362816000.0,10.166666666666666
764,1362985200.0,6.9
765,1363158000.0,8.716666666666667
766,1363330800.0,8.45
767,1363503600.0,5.9
768,1363676400.0,6.3
769,1363849200.0,5.35
770,1364022000.0,6.15
771,1364194800.0,7.083333333333332
772,1364367600.0,9.766666666666667
773,1364540400.0,6.75
774,1364713200.0,7.716666666666668
775,1364886000.0,7.383333333333334
776,1365058800.0,7.683333333333334
777,1365231600.0,5.783333333333332
778,1365404400.0,6.466666666666668
779,1365577200.0,7.35
780,1365750000.0,6.8
781,1365922800.0,7.95
782,1366095600.0,6.85
783,1366268400.0,9.25
784,1366441200.0,8.066666666666666
785,1366614000.0,7.316666666666666
786,1366786800.0,6.616666666666666
787,1366959600.0,6.4
788,1367132400.0,7.95
789,1367305200.0,7.7666666666666675
790,1367478000.0,7.866666666666666
791,1367650800.0,7.2333333333333325
792,1367823600.0,6.533333333333332
793,1367996400.0,7.933333333333334
794,1368169200.0,6.683333333333334
795,1368342000.0,6.816666666666666
796,1368514800.0,8.75
797,1368687600.0,7.883333333333334
798,1368860400.0,8.191666666666666
799,1369033200.0,8.883333333333333
800,1369206000.0,8.033333333333333
801,1369378800.0,7.966666666666668
802,1369551600.0,9.466666666666667
803,1369724400.0,7.616666666666666
804,1369897200.0,7.783333333333332
805,1370070000.0,6.566666666666666
806,1370242800.0,6.2
807,1370415600.0,6.066666666666666
808,1370588400.0,7.716666666666668
809,1370761200.0,7.666666666666668
810,1370934000.0,7.2666666666666675
811,1371106800.0,5.883333333333334
812,1371279600.0,7.4
813,1371452400.0,7.8
814,1371625200.0,12.1
815,1371798000.0,9.433333333333334
816,1371970800.0,8.716666666666667
817,1372143600.0,7.916666666666668
818,1372316400.0,8.616666666666667
819,1372489200.0,8.616666666666667
820,1372662000.0,7.8
821,1372834800.0,7.566666666666666
822,1373007600.0,7.35
823,1373180400.0,6.7333333333333325
824,1373353200.0,5.933333333333334
825,1373526000.0,7.066666666666666
826,1373698800.0,9.583333333333334
827,1373871600.0,7.416666666666668
828,1374044400.0,7.7
829,1374217200.0,7.25
830,1374390000.0,6.933333333333334
831,1374562800.0,9.25
832,1374735600.0,9.333333333333334
833,1374908400.0,7.883333333333334
834,1375081200.0,8.2
835,1375254000.0,6.316666666666666
836,1375426800.0,6.333333333333332
837,1375599600.0,6.75
838,1375772400.0,6.216666666666668
839,1375945200.0,6.35
840,1376118000.0,5.616666666666666
841,1376290800.0,5.25
842,1376463600.0,8.416666666666666
843,1376636400.0,7.216666666666668
844,1376809200.0,6.116666666666666
845,1376982000.0,6.6
846,1377154800.0,5.633333333333334
847,1377327600.0,5.966666666666668
848,1377500400.0,7.75
849,1377673200.0,7.0166666666666675
850,1377846000.0,6.15
851,1378018800.0,5.116666666666666
852,1378191600.0,6.35
853,1378364400.0,7.05
854,1378537200.0,7.65
855,1378710000.0,6.133333333333334
856,1378882800.0,5.75
857,1379055600.0,5.616666666666666
858,1379228400.0,6.466666666666668
859,1379401200.0,7.3
860,1379574000.0,6.116666666666666
861,1379746800.0,6.2666666666666675
862,1379919600.0,5.116666666666666
863,1380092400.0,5.65
864,1380265200.0,7.416666666666668
865,1380438000.0,6.2666666666666675
866,1380610800.0,6.15
867,1380783600.0,6.183333333333334
868,1380956400.0,6.2666666666666675
869,1381129200.0,7.2666666666666675
870,1381302000.0,6.5166666666666675
871,1381474800.0,6.883333333333334
872,1381647600.0,4.766666666666667
873,1381820400.0,4.966666666666667
874,1381993200.0,6.716666666666668
875,1382166000.0,5.7
876,1382338800.0,5.966666666666668
877,1382511600.0,5.95
878,1382684400.0,5.466666666666668
879,1382857200.0,7.4833333333333325
880,1383030000.0,7.2333333333333325
881,1383202800.0,5.7
882,1383375600.0,5.75
883,1383552000.0,6.133333333333334
884,1383724800.0,7.316666666666666
885,1383897600.0,10.133333333333333
886,1384070400.0,6.55
887,1384243200.0,6.25
888,1384416000.0,8.266666666666667
889,1384588800.0,7.183333333333334
890,1384761600.0,9.15
891,1384934400.0,8.583333333333334
892,1385107200.0,8.25
893,1385280000.0,6.55
894,1385452800.0,7.783333333333332
895,1385625600.0,8.016666666666667
896,1385798400.0,9.1
897,1385971200.0,8.85
898,1386144000.0,7.2333333333333325
899,1386316800.0,6.65
900,1386489600.0,7.116666666666666
901,1386662400.0,6.6
902,1386835200.0,7.416666666666668
903,1387008000.0,6.4833333333333325
904,1387180800.0,6.4833333333333325
905,1387353600.0,6.6
906,1387526400.0,6.15
907,1387699200.0,7.866666666666666
908,1387872000.0,8.05
909,1388044800.0,6.616666666666666
910,1388217600.0,7.883333333333334
911,1388390400.0,7.0
912,1388563200.0,6.466666666666668
913,1388736000.0,8.95
914,1388908800.0,7.066666666666666
915,1389081600.0,6.716666666666668
916,1389254400.0,7.433333333333334
917,1389427200.0,5.716666666666668
918,1389600000.0,6.116666666666666
919,1389772800.0,7.433333333333334
920,1389945600.0,8.483333333333333
921,1390118400.0,6.7
922,1390291200.0,7.25
923,1390464000.0,8.933333333333334
924,1390636800.0,9.45
925,1390809600.0,8.8
926,1390982400.0,8.15
927,1391155200.0,7.383333333333334
928,1391328000.0,7.0166666666666675
929,1391500800.0,8.416666666666666
930,1391673600.0,7.55
931,1391846400.0,8.35
932,1392019200.0,8.166666666666666
933,1392192000.0,7.366666666666666
934,1392364800.0,6.633333333333334
935,1392537600.0,6.55
936,1392710400.0,8.4
937,1392883200.0,8.416666666666666
938,1393056000.0,8.216666666666667
939,1393228800.0,7.4
940,1393401600.0,7.916666666666668
941,1393574400.0,6.9833333333333325
942,1393747200.0,7.966666666666668
943,1393920000.0,10.85
944,1394092800.0,7.933333333333334
945,1394265600.0,6.216666666666668
946,1394434800.0,8.233333333333333
947,1394607600.0,11.266666666666667
948,1394780400.0,12.433333333333335
949,1394953200.0,14.866666666666667
950,1395126000.0,8.016666666666667
951,1395298800.0,7.916666666666668
952,1395471600.0,6.8
953,1395644400.0,6.65
954,1395817200.0,8.266666666666667
955,1395990000.0,7.133333333333334
956,1396162800.0,7.7
957,1396335600.0,7.2333333333333325
958,1396508400.0,5.833333333333332
959,1396681200.0,6.333333333333332
960,1396854000.0,9.1
961,1397026800.0,8.216666666666667
962,1397199600.0,9.016666666666667
963,1397372400.0,7.0
964,1397545200.0,6.433333333333334
965,1397718000.0,7.0
966,1397890800.0,8.133333333333333
967,1398063600.0,7.15
968,1398236400.0,7.6
969,1398409200.0,8.0
970,1398582000.0,8.2
971,1398754800.0,8.166666666666666
972,1398927600.0,7.65
973,1399100400.0,8.216666666666667
974,1399273200.0,8.366666666666667
975,1399446000.0,7.9833333333333325
976,1399618800.0,7.6
977,1399791600.0,7.85
978,1399964400.0,7.0
979,1400137200.0,7.5
980,1400310000.0,7.1
981,1400482800.0,6.533333333333332
982,1400655600.0,6.533333333333332
983,1400828400.0,6.933333333333334
984,1401001200.0,8.466666666666667
985,1401174000.0,8.266666666666667
986,1401346800.0,7.833333333333332
987,1401519600.0,7.5
988,1401692400.0,6.866666666666666
989,1401865200.0,6.433333333333334
990,1402038000.0,7.416666666666668
991,1402210800.0,7.366666666666666
992,1402383600.0,6.75
993,1402556400.0,7.716666666666668
994,1402729200.0,6.966666666666668
995,1402902000.0,5.8
996,1403074800.0,6.5
997,1403247600.0,5.716666666666668
998,1403420400.0,5.9
999,1403593200.0,6.0166666666666675
1000,1403766000.0,6.216666666666668
1001,1403938800.0,5.583333333333332
1002,1404111600.0,9.3
1003,1404284400.0,8.266666666666667
1004,1404457200.0,7.366666666666666
1005,1404630000.0,7.85
1006,1404802800.0,7.1
1007,1404975600.0,7.816666666666666
1008,1405148400.0,6.283333333333332
1009,1405321200.0,6.966666666666668
1010,1405494000.0,6.75
1011,1405666800.0,7.583333333333332
1012,1405839600.0,6.333333333333332
1013,1406012400.0,7.85
1014,1406185200.0,7.5
1015,1406358000.0,7.683333333333334
1016,1406530800.0,8.416666666666666
1017,1406703600.0,6.85
1018,1406876400.0,7.6
1019,1407049200.0,7.85
1020,1407222000.0,9.233333333333333
1021,1407394800.0,7.166666666666668
1022,1407567600.0,7.333333333333332
1023,1407740400.0,6.383333333333334
1024,1407913200.0,7.616666666666666
1025,1408086000.0,6.75
1026,1408258800.0,7.083333333333332
1027,1408431600.0,5.883333333333334
1028,1408604400.0,6.666666666666668
1029,1408777200.0,7.05
1030,1408950000.0,8.35
1031,1409122800.0,6.566666666666666
1032,1409295600.0,6.85
1033,1409468400.0,6.25
1034,1409641200.0,8.1
1035,1409814000.0,7.416666666666668
1036,1409986800.0,7.25
1037,1410159600.0,7.85
1038,1410332400.0,6.9833333333333325
1039,1410505200.0,7.566666666666666
1040,1410678000.0,7.5
1041,1410850800.0,7.1
1042,1411023600.0,5.95
1043,1411196400.0,6.55
1044,1411369200.0,6.7333333333333325
1045,1411542000.0,7.283333333333332
1046,1411714800.0,7.25
1047,1411887600.0,7.583333333333332
1048,1412060400.0,7.5
1049,1412233200.0,7.683333333333334
1050,1412406000.0,8.216666666666667
1051,1412578800.0,7.2666666666666675
1052,1412751600.0,8.683333333333334
1053,1412924400.0,7.15
1054,1413097200.0,8.283333333333333
1055,1413270000.0,7.366666666666666
1056,1413442800.0,7.0166666666666675
1057,1413615600.0,7.25
1058,1413788400.0,8.083333333333334
1059,1413961200.0,6.75
1060,1414134000.0,6.75
1061,1414306800.0,8.716666666666667
1062,1414479600.0,7.216666666666668
1063,1414652400.0,6.633333333333334
1064,1414825200.0,6.583333333333332
1065,1415001600.0,6.816666666666666
1066,1415174400.0,7.2
1067,1415347200.0,7.883333333333334
1068,1415520000.0,8.216666666666667
1069,1415692800.0,8.483333333333333
1070,1415865600.0,7.95
1071,1416038400.0,7.116666666666666
1072,1416211200.0,7.5
1073,1416384000.0,7.5166666666666675
1074,1416556800.0,8.266666666666667
1075,1416729600.0,8.916666666666666
1076,1416902400.0,9.05
1077,1417075200.0,8.016666666666667
1078,1417248000.0,7.816666666666666
1079,1417420800.0,8.3
1080,1417593600.0,9.15
1081,1417766400.0,7.083333333333332
1082,1417939200.0,9.466666666666667
1083,1418112000.0,8.666666666666666
1084,1418284800.0,8.9
1085,1418457600.0,8.95
1086,1418630400.0,7.716666666666668
1087,1418803200.0,8.9
1088,1418976000.0,10.7
1089,1419148800.0,8.083333333333334
1090,1419321600.0,7.5166666666666675
1091,1419494400.0,6.4833333333333325
1092,1419667200.0,7.55
1093,1419840000.0,6.816666666666666
1094,1420012800.0,7.8
1095,1420185600.0,6.933333333333334
1096,1420358400.0,8.033333333333333
1097,1420531200.0,7.633333333333334
1098,1420704000.0,9.716666666666667
1099,1420876800.0,8.616666666666667
1100,1421049600.0,7.1
1101,1421222400.0,8.466666666666667
1102,1421395200.0,8.2
1103,1421568000.0,8.133333333333333
1104,1421740800.0,9.633333333333333
1105,1421913600.0,8.333333333333334
1106,1422086400.0,9.483333333333333
1107,1422259200.0,10.266666666666667
1108,1422432000.0,6.95
1109,1422604800.0,9.316666666666666
1110,1422777600.0,6.5
1111,1422950400.0,9.066666666666666
1112,1423123200.0,7.4833333333333325
1113,1423296000.0,7.05
1114,1423468800.0,8.066666666666666
1115,1423641600.0,7.683333333333334
1116,1423814400.0,8.3
1117,1423987200.0,8.15
1118,1424160000.0,7.7333333333333325
1119,1424332800.0,7.216666666666668
1120,1424505600.0,8.85
1121,1424678400.0,9.15
1122,1424851200.0,7.066666666666666
1123,1425024000.0,7.566666666666666
1124,1425196800.0,7.7333333333333325
1125,1425369600.0,8.1
1126,1425542400.0,10.516666666666667
1127,1425715200.0,9.2
1128,1425884400.0,8.883333333333333
1129,1426057200.0,7.2
1130,1426230000.0,7.566666666666666
1131,1426402800.0,7.533333333333332
1132,1426575600.0,7.45
1133,1426748400.0,8.166666666666666
1134,1426921200.0,8.533333333333333
1135,1427094000.0,7.2666666666666675
1136,1427266800.0,6.4
1137,1427439600.0,7.0
1138,1427612400.0,7.3
1139,1427785200.0,7.8
1140,1427958000.0,7.166666666666668
1141,1428130800.0,7.6083333333333325
1142,1428303600.0,9.466666666666667
1143,1428476400.0,9.8
1144,1428649200.0,8.633333333333333
1145,1428822000.0,8.183333333333334
1146,1428994800.0,6.083333333333332
1147,1429167600.0,8.416666666666666
1148,1429340400.0,9.416666666666666
1149,1429513200.0,7.416666666666668
1150,1429686000.0,8.466666666666667
1151,1429858800.0,9.166666666666666
1152,1430031600.0,7.5
1153,1430204400.0,7.35
1154,1430377200.0,8.466666666666667
1155,1430550000.0,8.0
1156,1430722800.0,9.066666666666666
1157,1430895600.0,8.583333333333334
1158,1431068400.0,7.25
1159,1431241200.0,8.933333333333334
1160,1431414000.0,7.55
1161,1431586800.0,7.7
1162,1431759600.0,8.45
1163,1431932400.0,7.716666666666668
1164,1432105200.0,7.916666666666668
1165,1432278000.0,8.083333333333334
1166,1432450800.0,8.0
1167,1432623600.0,8.95
1168,1432796400.0,7.716666666666668
1169,1432969200.0,9.316666666666666
1170,1433142000.0,8.483333333333333
1171,1433314800.0,8.433333333333334
1172,1433487600.0,8.4
1173,1433660400.0,7.5
1174,1433833200.0,6.7
1175,1434006000.0,7.316666666666666
1176,1434178800.0,7.4
1177,1434351600.0,7.683333333333334
1178,1434524400.0,8.216666666666667
1179,1434697200.0,7.416666666666668
1180,1434870000.0,9.416666666666666
1181,1435042800.0,8.816666666666666
1182,1435215600.0,7.066666666666666
1183,1435388400.0,8.733333333333333
1184,1435561200.0,9.183333333333334
1185,1435734000.0,8.866666666666667
1186,1435906800.0,7.4833333333333325
1187,1436079600.0,8.75
1188,1436252400.0,8.55
1189,1436425200.0,8.716666666666667
1190,1436598000.0,9.316666666666666
1191,1436770800.0,8.883333333333333
1192,1436943600.0,7.583333333333332
1193,1437116400.0,8.433333333333334
1194,1437289200.0,8.016666666666667
1195,1437462000.0,8.3
1196,1437634800.0,7.383333333333334
1197,1437807600.0,8.533333333333333
1198,1437980400.0,8.416666666666666
1199,1438153200.0,10.1
1200,1438326000.0,9.433333333333334
1201,1438498800.0,7.416666666666668
1202,1438671600.0,8.966666666666667
1203,1438844400.0,9.05
1204,1439017200.0,7.716666666666668
1205,1439190000.0,6.366666666666666
1206,1439362800.0,9.183333333333334
1207,1439535600.0,8.5
1208,1439708400.0,7.45
1209,1439881200.0,8.433333333333334
1210,1440054000.0,8.483333333333333
1211,1440226800.0,7.75
1212,1440399600.0,7.8
1213,1440572400.0,7.9833333333333325
1214,1440745200.0,7.816666666666666
1215,1440918000.0,8.458333333333334
1216,1441090800.0,7.2666666666666675
1217,1441263600.0,10.75
1218,1441436400.0,8.183333333333334
1219,1441609200.0,8.033333333333333
1220,1441782000.0,8.916666666666666
1221,1441954800.0,7.416666666666668
1222,1442127600.0,9.233333333333333
1223,1442300400.0,7.0
1224,1442473200.0,9.216666666666667
1225,1442646000.0,8.75
1226,1442818800.0,8.783333333333333
1227,1442991600.0,8.2
1228,1443164400.0,7.75
1229,1443337200.0,8.15
1230,1443510000.0,6.566666666666666
1231,1443682800.0,7.866666666666666
1232,1443855600.0,7.9
1233,1444028400.0,7.7333333333333325
1234,1444201200.0,10.983333333333333
1235,1444374000.0,11.583333333333336
1236,1444546800.0,7.366666666666666
1237,1444719600.0,9.566666666666666
1238,1444892400.0,7.416666666666668
1239,1445065200.0,8.883333333333333
1240,1445238000.0,7.7
1241,1445410800.0,8.983333333333333
1242,1445583600.0,7.8
1243,1445756400.0,8.416666666666666
1244,1445929200.0,7.383333333333334
1245,1446102000.0,7.616666666666666
1246,1446274800.0,7.383333333333334
1247,1446451200.0,8.4
1248,1446624000.0,9.883333333333333
1249,1446796800.0,9.2
1250,1446969600.0,8.716666666666667
1251,1447142400.0,9.166666666666666
1252,1447315200.0,8.516666666666667
1253,1447488000.0,9.333333333333334
1254,1447660800.0,7.033333333333332
1255,1447833600.0,8.933333333333334
1256,1448006400.0,7.525
1257,1448179200.0,7.033333333333332
1258,1448352000.0,8.716666666666667
1259,1448524800.0,8.233333333333333
1260,1448697600.0,8.3
1261,1448870400.0,11.216666666666667
1262,1449043200.0,8.366666666666667
1263,1449216000.0,8.933333333333334
1264,1449388800.0,7.3
1265,1449561600.0,7.783333333333332
1266,1449734400.0,6.8
1267,1449907200.0,8.45
1268,1450080000.0,7.916666666666668
1269,1450252800.0,7.533333333333332
1270,1450425600.0,7.466666666666668
1271,1450598400.0,6.416666666666668
1272,1450771200.0,8.45
1273,1450944000.0,9.116666666666667
1274,1451116800.0,6.066666666666666
1275,1451289600.0,7.116666666666666
1276,1451462400.0,7.083333333333332
1277,1451635200.0,7.783333333333332
1278,1451808000.0,7.133333333333334
1279,1451980800.0,6.7333333333333325
1280,1452153600.0,10.0
1281,1452326400.0,7.216666666666668
1282,1452499200.0,6.7
1283,1452672000.0,7.45
1284,1452844800.0,10.5
1285,1453017600.0,8.433333333333334
1286,1453190400.0,8.316666666666666
1287,1453363200.0,9.166666666666666
1288,1453536000.0,6.4833333333333325
1289,1453708800.0,6.9
1290,1453881600.0,7.666666666666668
1291,1454054400.0,7.05
1292,1454227200.0,6.816666666666666
1293,1454400000.0,8.666666666666666
1294,1454572800.0,6.883333333333334
1295,1454745600.0,6.5166666666666675
1296,1454918400.0,7.7333333333333325
1297,1455091200.0,7.2666666666666675
1298,1455264000.0,7.1
1299,1455436800.0,6.216666666666668
1300,1455609600.0,8.65
1301,1455782400.0,5.933333333333334
1302,1455955200.0,7.9
1303,1456128000.0,10.4
1304,1456300800.0,9.833333333333334
1305,1456473600.0,7.466666666666668
1306,1456646400.0,8.95
1307,1456819200.0,12.416666666666664
1308,1456992000.0,10.8
1309,1457164800.0,8.333333333333334
1310,1457337600.0,7.35
1311,1457510400.0,8.216666666666667
1312,1457683200.0,7.15
1313,1457856000.0,8.3
1314,1458025200.0,8.4
1315,1458198000.0,7.7
1316,1458370800.0,8.05
1317,1458543600.0,9.166666666666666
1318,1458716400.0,7.65
1319,1458889200.0,7.2666666666666675
1320,1459062000.0,7.283333333333332
1321,1459234800.0,7.0
1322,1459407600.0,9.316666666666666
1323,1459580400.0,10.633333333333333
1324,1459753200.0,6.966666666666668
1325,1459926000.0,7.2666666666666675
1326,1460098800.0,7.8
1327,1460271600.0,6.2333333333333325
1328,1460444400.0,7.533333333333332
1329,1460617200.0,7.383333333333334
1330,1460790000.0,7.966666666666668
1331,1460962800.0,8.733333333333333
1332,1461135600.0,7.366666666666666
1333,1461308400.0,8.6
1334,1461481200.0,8.783333333333333
1335,1461654000.0,7.75
1336,1461826800.0,10.0
1337,1461999600.0,7.316666666666666
1338,1462172400.0,8.25
1339,1462345200.0,7.35
1340,1462518000.0,6.5166666666666675
1341,1462690800.0,6.866666666666666
1342,1462863600.0,7.833333333333332
1343,1463036400.0,8.283333333333333
1344,1463209200.0,9.816666666666666
1345,1463382000.0,10.9
1346,1463554800.0,9.966666666666667
1347,1463727600.0,8.016666666666667
1348,1463900400.0,6.75
1349,1464073200.0,8.183333333333334
1350,1464246000.0,9.85
1351,1464418800.0,9.116666666666667
1352,1464591600.0,9.466666666666667
1353,1464764400.0,10.85
1354,1464937200.0,9.633333333333333
1355,1465110000.0,6.533333333333332
1356,1465282800.0,9.933333333333334
1357,1465455600.0,7.083333333333332
1358,1465628400.0,7.61
1359,1465801200.0,9.7
1360,1465974000.0,14.13
1361,1466146800.0,9.3
1362,1466319600.0,6.0
1363,1466492400.0,9.566666666666666
1364,1466665200.0,9.783333333333333
1365,1466838000.0,7.783333333333332
1366,1467010800.0,8.916666666666666
1367,1467183600.0,9.883333333333333
1368,1467356400.0,8.166666666666666
1369,1467529200.0,8.25
1370,1467702000.0,8.516666666666667
1371,1467874800.0,8.75
1372,1468047600.0,7.683333333333334
1373,1468220400.0,7.966666666666668
1374,1468393200.0,10.733333333333333
1375,1468566000.0,8.983333333333333
1376,1468738800.0,7.2666666666666675
1377,1468911600.0,9.8
1378,1469084400.0,9.783333333333333
1379,1469257200.0,9.8
1380,1469430000.0,9.916666666666666
1381,1469602800.0,11.633333333333333
1382,1469775600.0,10.366666666666667
1383,1469948400.0,7.883333333333334
1384,1470121200.0,8.333333333333334
1385,1470294000.0,7.4833333333333325
1386,1470466800.0,6.65
1387,1470639600.0,9.816666666666666
1388,1470812400.0,8.116666666666667
1389,1470985200.0,8.733333333333333
1390,1471158000.0,7.25
1391,1471330800.0,10.566666666666666
1392,1471503600.0,8.15
1393,1471676400.0,7.366666666666666
1394,1471849200.0,7.083333333333332
1395,1472022000.0,7.4
1396,1472194800.0,8.966666666666667
1397,1472367600.0,7.3
1398,1472540400.0,7.9833333333333325
1399,1472713200.0,8.016666666666667
1400,1472886000.0,10.383333333333333
1401,1473058800.0,9.966666666666667
1402,1473231600.0,8.15
1403,1473404400.0,9.366666666666667
1404,1473577200.0,7.433333333333334
1405,1473750000.0,7.866666666666666
1406,1473922800.0,8.1
1407,1474095600.0,8.5
1408,1474268400.0,10.966666666666667
1409,1474441200.0,6.7
1410,1474614000.0,9.883333333333333
1411,1474786800.0,6.066666666666666
1412,1474959600.0,7.133333333333334
1413,1475132400.0,9.35
1414,1475305200.0,7.683333333333334
1415,1475478000.0,8.766666666666667
1416,1475650800.0,8.216666666666667
1417,1475823600.0,8.65
1418,1475996400.0,7.166666666666668
1419,1476169200.0,10.966666666666667
1420,1476342000.0,10.066666666666666
1421,1476514800.0,10.216666666666667
1422,1476687600.0,11.266666666666667
1423,1476860400.0,10.25
1424,1477033200.0,6.7
1425,1477206000.0,9.283333333333333
1426,1477378800.0,12.15
1427,1477551600.0,12.45
1428,1477724400.0,7.966666666666668
1429,1477897200.0,12.9
1430,1478070000.0,8.983333333333333
1431,1478242800.0,12.5
1432,1478415600.0,11.05
1433,1478592000.0,12.15
1434,1478764800.0,11.475
1435,1478937600.0,6.466666666666668
1436,1479110400.0,11.725
1437,1479283200.0,10.0
1438,1479456000.0,8.983333333333333
1439,1479628800.0,11.15
1440,1479801600.0,18.625
1441,1479974400.0,19.275
1442,1480147200.0,13.75
1443,1480320000.0,9.766666666666667
1444,1480492800.0,18.450000000000006
1445,1480665600.0,29.25
1446,1480838400.0,13.8
1447,1481011200.0,12.533333333333333
1448,1481184000.0,8.766666666666667
1449,1481356800.0,12.8
1450,1481529600.0,14.575
1451,1481702400.0,9.683333333333334
1452,1481875200.0,17.025
1453,1482048000.0,9.833333333333334
1454,1482220800.0,10.716666666666667
1455,1482393600.0,8.583333333333334
1456,1482566400.0,16.325
1457,1482739200.0,13.55
1458,1482912000.0,7.666666666666668
1459,1483084800.0,8.5
1460,1483257600.0,10.85
1461,1483430400.0,12.349999999999998
1462,1483603200.0,10.916666666666664
1463,1483776000.0,10.433333333333334
1464,1483948800.0,10.716666666666667
1465,1484121600.0,15.275
1466,1484294400.0,8.983333333333333
1467,1484467200.0,7.0
1468,1484640000.0,15.15
1469,1484812800.0,10.025
1470,1484985600.0,9.925
1471,1485158400.0,14.475
1472,1485331200.0,12.566666666666665
1473,1485504000.0,10.225
1474,1485676800.0,13.025
1475,1485849600.0,23.925
1476,1486022400.0,15.349999999999998
1477,1486195200.0,21.35
1478,1486368000.0,18.283333333333328
1479,1486540800.0,13.033333333333333
1480,1486713600.0,10.433333333333334
1481,1486886400.0,13.975
1482,1487059200.0,12.775000000000002
1483,1487232000.0,11.633333333333333
1484,1487404800.0,10.766666666666667
1485,1487577600.0,17.125
1486,1487750400.0,16.133333333333333
1487,1487923200.0,20.875
1488,1488096000.0,11.0
1489,1488268800.0,12.55
1490,1488441600.0,23.25
1491,1488614400.0,21.15
1492,1488787200.0,13.883333333333333
1493,1488960000.0,13.766666666666667
1494,1489132800.0,10.083333333333334
1495,1489305600.0,14.375
1496,1489474800.0,15.9
1497,1489647600.0,14.25
1498,1489820400.0,10.433333333333334
1499,1489993200.0,11.95
1500,1490166000.0,13.3
1501,1490338800.0,6.75
1502,1490511600.0,7.2
1503,1490684400.0,10.7
1504,1490857200.0,12.2
1505,1491030000.0,21.175
1506,1491202800.0,8.183333333333334
1507,1491375600.0,20.625
1508,1491548400.0,15.65
1509,1491721200.0,7.6
1510,1491894000.0,15.55
1511,1492066800.0,13.183333333333335
1512,1492239600.0,16.099999999999998
1513,1492412400.0,11.816666666666665
1514,1492585200.0,11.116666666666667
1515,1492758000.0,14.875
1516,1492930800.0,14.3
1517,1493103600.0,24.675
1518,1493276400.0,20.25
1519,1493449200.0,9.866666666666667
1520,1493622000.0,14.75
1521,1493794800.0,18.575
1522,1493967600.0,13.25
1523,1494140400.0,15.400000000000002
1524,1494313200.0,10.616666666666667
1525,1494486000.0,13.85
1526,1494658800.0,13.483333333333333
1527,1494831600.0,10.033333333333333
1528,1495004400.0,13.9
1529,1495177200.0,11.883333333333333
1530,1495350000.0,10.233333333333333
1531,1495522800.0,10.766666666666667
1532,1495695600.0,11.7
1533,1495868400.0,17.0
1534,1496041200.0,10.716666666666667
1535,1496214000.0,16.825
1536,1496386800.0,12.766666666666667
1537,1496559600.0,16.575000000000006
1538,1496732400.0,16.925
1539,1496905200.0,17.05
1540,1497078000.0,16.075
1541,1497250800.0,13.5
1542,1497423600.0,12.55
1543,1497596400.0,15.7
1544,1497769200.0,10.616666666666667
1545,1497942000.0,15.3
1546,1498114800.0,11.983333333333333
1547,1498287600.0,14.650000000000002
1548,1498460400.0,10.916666666666664
1549,1498633200.0,14.25
1550,1498806000.0,11.883333333333333
1551,1498978800.0,8.575
1552,1499151600.0,10.1
1553,1499324400.0,14.775
1554,1499497200.0,8.033333333333333
1555,1499670000.0,6.416666666666668
1556,1499842800.0,11.3
1557,1500015600.0,10.633333333333333
1558,1500188400.0,8.033333333333333
1559,1500361200.0,13.3
1560,1500534000.0,7.533333333333332
1561,1500706800.0,8.033333333333333
1562,1500879600.0,10.95
1563,1501052400.0,9.15
1564,1501225200.0,8.233333333333333
1565,1501398000.0,12.375
1566,1501570800.0,11.75
1567,1501743600.0,11.116666666666667
1568,1501916400.0,10.375
1569,1502089200.0,7.7
1570,1502262000.0,11.7
1571,1502434800.0,11.933333333333335
1572,1502607600.0,8.45
1573,1502780400.0,15.05
1574,1502953200.0,8.65
1575,1503126000.0,9.916666666666666
1576,1503298800.0,13.816666666666665
1577,1503471600.0,12.55
1578,1503644400.0,17.116666666666667
1579,1503817200.0,11.083333333333336
1580,1503990000.0,15.95
1581,1504162800.0,14.15
1582,1504335600.0,11.025
1583,1504508400.0,11.5
1584,1504681200.0,7.9
1585,1504854000.0,8.333333333333334
1586,1505026800.0,12.95
1587,1505199600.0,8.925
1588,1505372400.0,11.85
1589,1505545200.0,11.925
1590,1505718000.0,12.233333333333333
1591,1505890800.0,12.533333333333333
1592,1506063600.0,14.425
1593,1506236400.0,7.883333333333334
1594,1506409200.0,12.283333333333333
1595,1506582000.0,11.325
1596,1506754800.0,10.116666666666667
1597,1506927600.0,11.65
1598,1507100400.0,15.375
1599,1507273200.0,9.216666666666667
1600,1507446000.0,10.75
1601,1507618800.0,10.433333333333334
1602,1507791600.0,10.666666666666666
1603,1507964400.0,13.166666666666664
1604,1508137200.0,12.3
1605,1508310000.0,14.45
1606,1508482800.0,12.125
1607,1508655600.0,8.1
1608,1508828400.0,10.416666666666666
1609,1509001200.0,5.833333333333332
1610,1509174000.0,22.925
1611,1509346800.0,15.9
1612,1509519600.0,9.816666666666666
1613,1509692400.0,18.875
1614,1509865200.0,14.9
1615,1510041600.0,10.733333333333333
1616,1510214400.0,10.783333333333333
1617,1510387200.0,16.716666666666665
1618,1510560000.0,18.6
1619,1510732800.0,18.275
1620,1510905600.0,9.15
1621,1511078400.0,12.375
1622,1511251200.0,13.099999999999998
1623,1511424000.0,15.349999999999998
1624,1511596800.0,13.025
1625,1511769600.0,13.35
1626,1511942400.0,10.083333333333334
1627,1512115200.0,15.2
1628,1512288000.0,8.383333333333333
1629,1512460800.0,13.0
1630,1512633600.0,10.333333333333334
1631,1512806400.0,11.95
1632,1512979200.0,13.4
1633,1513152000.0,11.525
1634,1513324800.0,13.150000000000002
1635,1513497600.0,11.6
1636,1513670400.0,9.9
1637,1513843200.0,10.85
1638,1514016000.0,14.016666666666667
1639,1514188800.0,10.5
1640,1514361600.0,8.133333333333333
1641,1514534400.0,8.066666666666666
1642,1514707200.0,9.133333333333333
1643,1514880000.0,7.9833333333333325
1644,1515052800.0,13.95
1645,1515225600.0,9.766666666666667
1646,1515398400.0,14.875
1647,1515571200.0,13.7
1648,1515744000.0,8.166666666666666
1649,1515916800.0,7.7333333333333325
1650,1516089600.0,13.025
1651,1516262400.0,8.533333333333333
1652,1516435200.0,7.45
1653,1516608000.0,11.6
1654,1516780800.0,12.325
1655,1516953600.0,11.775
1656,1517126400.0,11.95
1657,1517299200.0,11.075
1658,1517472000.0,12.475
1659,1517644800.0,10.475
1660,1517817600.0,6.133333333333334
1661,1517990400.0,8.866666666666667
1662,1518163200.0,12.2
1663,1518336000.0,7.533333333333332
1664,1518508800.0,11.05
1665,1518681600.0,8.483333333333333
1666,1518854400.0,7.933333333333334
1667,1519027200.0,8.416666666666666
1668,1519200000.0,6.883333333333334
1669,1519372800.0,12.675
1670,1519545600.0,6.5
1671,1519718400.0,10.625
1672,1519891200.0,11.225
1673,1520064000.0,9.95
1674,1520236800.0,13.55
1675,1520409600.0,7.2333333333333325
1676,1520582400.0,13.125
1677,1520755200.0,11.925
1678,1520924400.0,7.3
1679,1521097200.0,12.65
1680,1521270000.0,11.4
1681,1521442800.0,7.616666666666666
1682,1521615600.0,7.866666666666666
